user_name;test_user;passWord;12345;Email;user@email;ADDRESS;Street
user_name;test_user;passWord;12345;Email;user@email;ADDRESS;Street
user_name;test_user;passWord;12345;Email;user@email;ADDRESS;Street
user_name;test_user;passWord;12345;Email;user@email;ADDRESS;Street
user_name;test_user;passWord;12345;Email;user@email;ADDRESS;Street
user_name;test_user;passWord;12345;Email;user@email;ADDRESS;Street
user_name;test_user;passWord;12345;Email;user@email;ADDRESS;Street
user_name;test_user;passWord;12345;Email;user@email;ADDRESS;Street
user_name;test_user;passWord;12345;Email;user@email;ADDRESS;Street
user_name;test_user;passWord;12345;Email;user@email;ADDRESS;Street
user_name;test_user;passWord;12345;Email;user@email;ADDRESS;Street
user_name;test_user;passWord;12345;Email;user@email;ADDRESS;Street
user_name;test_user;passWord;12345;Email;user@email;ADDRESS;Street
user_name;test_user;passWord;12345;Email;user@email;ADDRESS;Street
user_name;test_user;passWord;12345;Email;user@email;ADDRESS;Street
user_name;test_user;passWord;12345;Email;user@email;ADDRESS;Street
user_name;test_user;passWord;12345;Email;user@email;ADDRESS;Street
user_name;test_user;passWord;12345;Email;user@email;ADDRESS;Street
user_name;test_user;passWord;12345;Email;user@email;ADDRESS;Street
user_name;test_user;passWord;12345;Email;user@email;ADDRESS;Street
user_name;test_user;passWord;12345;Email;user@email;ADDRESS;Street
user_name;test_user;passWord;12345;Email;user@email;ADDRESS;Street
user_name;test_user;passWord;12345;Email;user@email;ADDRESS;Street
user_name;test_user;passWord;12345;Email;user@email;ADDRESS;Street
user_name;test_user;passWord;12345;Email;user@email;ADDRESS;Street
user_name;test_user;passWord;12345;Email;user@email;ADDRESS;Street
user_name;test_user;passWord;12345;Email;user@email;ADDRESS;Street
user_name;test_user;passWord;12345;Email;user@email;ADDRESS;Street
user_name;test_user;passWord;12345;Email;user@email;ADDRESS;Street
user_name;test_user;passWord;12345;Email;user@email;ADDRESS;Street
user_name;test_user;passWord;12345;Email;user@email;ADDRESS;Street
user_name;test_user;passWord;12345;Email;user@email;ADDRESS;Street
user_name;test_user;passWord;12345;Email;user@email;ADDRESS;Street
user_name;test_user;passWord;12345;Email;user@email;ADDRESS;Street
user_name;test_user;passWord;12345;Email;user@email;ADDRESS;Street
user_name;test_user;passWord;12345;Email;user@email;ADDRESS;Street
user_name;test_user;passWord;12345;Email;user@email;ADDRESS;Street
user_name;test_user;passWord;12345;Email;user@email;ADDRESS;Street
user_name;test_user;passWord;12345;Email;user@email;ADDRESS;Street
user_name;test_user;passWord;12345;Email;user@email;ADDRESS;Street
user_name;test_user;passWord;12345;Email;user@email;ADDRESS;Street
user_name;test_user;passWord;12345;Email;user@email;ADDRESS;Street
user_name;test_user;passWord;12345;Email;user@email;ADDRESS;Street
user_name;test_user;passWord;12345;Email;user@email;ADDRESS;Street
user_name;test_user;passWord;12345;Email;user@email;ADDRESS;Street
user_name;test_user;passWord;12345;Email;user@email;ADDRESS;Street
user_name;test_user;passWord;12345;Email;user@email;ADDRESS;Street
user_name;test_user;passWord;12345;Email;user@email;ADDRESS;Street
user_name;test_user;passWord;12345;Email;user@email;ADDRESS;Street
user_name;test_user;passWord;12345;Email;user@email;ADDRESS;Street
user_name;test_user;passWord;12345;Email;user@email;ADDRESS;Street
user_name;test_user;passWord;12345;Email;user@email;ADDRESS;Street
user_name;test_user;passWord;12345;Email;user@email;ADDRESS;Street
user_name;test_user;passWord;12345;Email;user@email;ADDRESS;Street
user_name;test_user;passWord;12345;Email;user@email;ADDRESS;Street
user_name;test_user;passWord;12345;Email;user@email;ADDRESS;Street
user_name;test_user;passWord;12345;Email;user@email;ADDRESS;Street
user_name;test_user;passWord;12345;Email;user@email;ADDRESS;Street
user_name;test_user;passWord;12345;Email;user@email;ADDRESS;Street
user_name;test_user;passWord;12345;Email;user@email;ADDRESS;Street
user_name;test_user;passWord;12345;Email;user@email;ADDRESS;Street
user_name;test_user;passWord;12345;Email;user@email;ADDRESS;Street
user_name;test_user;passWord;12345;Email;user@email;ADDRESS;Street
user_name;test_user;passWord;12345;Email;user@email;ADDRESS;Street
user_name;test_user;passWord;12345;Email;user@email;ADDRESS;Street
user_name;test_user;passWord;12345;Email;user@email;ADDRESS;Street
user_name;test_user;passWord;12345;Email;user@email;ADDRESS;Street
user_name;test_user;passWord;12345;Email;user@email;ADDRESS;Street
user_name;test_user;passWord;12345;Email;user@email;ADDRESS;Street
user_name;test_user;passWord;12345;Email;user@email;ADDRESS;Street
user_name;test_user;passWord;12345;Email;user@email;ADDRESS;Street
user_name;test_user;passWord;12345;Email;user@email;ADDRESS;Street
user_name;test_user;passWord;12345;Email;user@email;ADDRESS;Street
user_name;test_user;passWord;12345;Email;user@email;ADDRESS;Street
user_name;test_user;passWord;12345;Email;user@email;ADDRESS;Street
user_name;test_user;passWord;12345;Email;user@email;ADDRESS;Street
user_name;test_user;passWord;12345;Email;user@email;ADDRESS;Street
user_name;test_user;passWord;12345;Email;user@email;ADDRESS;Street
user_name;test_user;passWord;12345;Email;user@email;ADDRESS;Street
user_name;test_user;passWord;12345;Email;user@email;ADDRESS;Street
user_name;test_user;passWord;12345;Email;user@email;ADDRESS;Street
user_name;test_user;passWord;12345;Email;user@email;ADDRESS;Street
user_name;test_user;passWord;12345;Email;user@email;ADDRESS;Street
user_name;test_user;passWord;12345;Email;user@email;ADDRESS;Street
user_name;test_user;passWord;12345;Email;user@email;ADDRESS;Street
user_name;test_user;passWord;12345;Email;user@email;ADDRESS;Street
user_name;test_user;passWord;12345;Email;user@email;ADDRESS;Street
user_name;test_user;passWord;12345;Email;user@email;ADDRESS;Street
user_name;test_user;passWord;12345;Email;user@email;ADDRESS;Street
user_name;test_user;passWord;12345;Email;user@email;ADDRESS;Street
user_name;test_user;passWord;12345;Email;user@email;ADDRESS;Street
user_name;test_user;passWord;12345;Email;user@email;ADDRESS;Street
user_name;test_user;passWord;12345;Email;user@email;ADDRESS;Street
user_name;test_user;passWord;12345;Email;user@email;ADDRESS;Street
user_name;test_user;passWord;12345;Email;user@email;ADDRESS;Street
user_name;test_user;passWord;12345;Email;user@email;ADDRESS;Street
user_name;test_user;passWord;12345;Email;user@email;ADDRESS;Street
user_name;test_user;passWord;12345;Email;user@email;ADDRESS;Street
user_name;test_user;passWord;12345;Email;user@email;ADDRESS;Street
user_name;test_user;passWord;12345;Email;user@email;ADDRESS;Street
user_name;test_user;passWord;12345;Email;user@email;ADDRESS;Street
user_name;test_user;passWord;12345;Email;user@email;ADDRESS;Street
user_name;test_user;passWord;12345;Email;user@email;ADDRESS;Street
user_name;test_user;passWord;12345;Email;user@email;ADDRESS;Street
user_name;test_user;passWord;12345;Email;user@email;ADDRESS;Street
user_name;test_user;passWord;12345;Email;user@email;ADDRESS;Street
user_name;test_user;passWord;12345;Email;user@email;ADDRESS;Street
user_name;test_user;passWord;12345;Email;user@email;ADDRESS;Street
user_name;test_user;passWord;12345;Email;user@email;ADDRESS;Street
user_name;test_user;passWord;12345;Email;user@email;ADDRESS;Street
user_name;test_user;passWord;12345;Email;user@email;ADDRESS;Street
user_name;test_user;passWord;12345;Email;user@email;ADDRESS;Street
user_name;test_user;passWord;12345;Email;user@email;ADDRESS;Street
user_name;test_user;passWord;12345;Email;user@email;ADDRESS;Street
user_name;test_user;passWord;12345;Email;user@email;ADDRESS;Street
user_name;test_user;passWord;12345;Email;user@email;ADDRESS;Street
user_name;test_user;passWord;12345;Email;user@email;ADDRESS;Street
user_name;test_user;passWord;12345;Email;user@email;ADDRESS;Street
user_name;test_user;passWord;12345;Email;user@email;ADDRESS;Street
user_name;test_user;passWord;12345;Email;user@email;ADDRESS;Street
user_name;test_user;passWord;12345;Email;user@email;ADDRESS;Street
user_name;test_user;passWord;12345;Email;user@email;ADDRESS;Street
user_name;test_user;passWord;12345;Email;user@email;ADDRESS;Street
user_name;test_user;passWord;12345;Email;user@email;ADDRESS;Street
user_name;test_user;passWord;12345;Email;user@email;ADDRESS;Street
user_name;test_user;passWord;12345;Email;user@email;ADDRESS;Street
user_name;test_user;passWord;12345;Email;user@email;ADDRESS;Street
user_name;test_user;passWord;12345;Email;user@email;ADDRESS;Street
user_name;test_user;passWord;12345;Email;user@email;ADDRESS;Street
user_name;test_user;passWord;12345;Email;user@email;ADDRESS;Street
user_name;test_user;passWord;12345;Email;user@email;ADDRESS;Street
user_name;test_user;passWord;12345;Email;user@email;ADDRESS;Street
user_name;test_user;passWord;12345;Email;user@email;ADDRESS;Street
user_name;test_user;passWord;12345;Email;user@email;ADDRESS;Street
user_name;test_user;passWord;12345;Email;user@email;ADDRESS;Street
user_name;test_user;passWord;12345;Email;user@email;ADDRESS;Street
user_name;test_user;passWord;12345;Email;user@email;ADDRESS;Street
user_name;test_user;passWord;12345;Email;user@email;ADDRESS;Street
user_name;test_user;passWord;12345;Email;user@email;ADDRESS;Street
user_name;test_user;passWord;12345;Email;user@email;ADDRESS;Street
user_name;test_user;passWord;12345;Email;user@email;ADDRESS;Street
user_name;test_user;passWord;12345;Email;user@email;ADDRESS;Street
user_name;test_user;passWord;12345;Email;user@email;ADDRESS;Street
user_name;test_user;passWord;12345;Email;user@email;ADDRESS;Street
user_name;test_user;passWord;12345;Email;user@email;ADDRESS;Street
user_name;test_user;passWord;12345;Email;user@email;ADDRESS;Street
user_name;test_user;passWord;12345;Email;user@email;ADDRESS;Street
user_name;test_user;passWord;12345;Email;user@email;ADDRESS;Street
user_name;test_user;passWord;12345;Email;user@email;ADDRESS;Street
user_name;test_user;passWord;12345;Email;user@email;ADDRESS;Street
user_name;test_user;passWord;12345;Email;user@email;ADDRESS;Street
user_name;test_user;passWord;12345;Email;user@email;ADDRESS;Street
user_name;test_user;passWord;12345;Email;user@email;ADDRESS;Street
user_name;test_user;passWord;12345;Email;user@email;ADDRESS;Street
user_name;test_user;passWord;12345;Email;user@email;ADDRESS;Street
user_name;test_user;passWord;12345;Email;user@email;ADDRESS;Street
user_name;test_user;passWord;12345;Email;user@email;ADDRESS;Street
user_name;test_user;passWord;12345;Email;user@email;ADDRESS;Street
user_name;test_user;passWord;12345;Email;user@email;ADDRESS;Street
user_name;test_user;passWord;12345;Email;user@email;ADDRESS;Street
user_name;test_user;passWord;12345;Email;user@email;ADDRESS;Street
user_name;test_user;passWord;12345;Email;user@email;ADDRESS;Street
user_name;test_user;passWord;12345;Email;user@email;ADDRESS;Street
user_name;test_user;passWord;12345;Email;user@email;ADDRESS;Street
user_name;test_user;passWord;12345;Email;user@email;ADDRESS;Street
user_name;test_user;passWord;12345;Email;user@email;ADDRESS;Street
user_name;test_user;passWord;12345;Email;user@email;ADDRESS;Street
user_name;test_user;passWord;12345;Email;user@email;ADDRESS;Street
user_name;test_user;passWord;12345;Email;user@email;ADDRESS;Street
user_name;test_user;passWord;12345;Email;user@email;ADDRESS;Street
user_name;test_user;passWord;12345;Email;user@email;ADDRESS;Street
user_name;test_user;passWord;12345;Email;user@email;ADDRESS;Street
user_name;test_user;passWord;12345;Email;user@email;ADDRESS;Street
user_name;test_user;passWord;12345;Email;user@email;ADDRESS;Street
user_name;test_user;passWord;12345;Email;user@email;ADDRESS;Street
user_name;test_user;passWord;12345;Email;user@email;ADDRESS;Street
user_name;test_user;passWord;12345;Email;user@email;ADDRESS;Street
user_name;test_user;passWord;12345;Email;user@email;ADDRESS;Street
user_name;test_user;passWord;12345;Email;user@email;ADDRESS;Street
user_name;test_user;passWord;12345;Email;user@email;ADDRESS;Street
user_name;test_user;passWord;12345;Email;user@email;ADDRESS;Street
user_name;test_user;passWord;12345;Email;user@email;ADDRESS;Street
user_name;test_user;passWord;12345;Email;user@email;ADDRESS;Street
user_name;test_user;passWord;12345;Email;user@email;ADDRESS;Street
user_name;test_user;passWord;12345;Email;user@email;ADDRESS;Street
user_name;test_user;passWord;12345;Email;user@email;ADDRESS;Street
user_name;test_user;passWord;12345;Email;user@email;ADDRESS;Street
user_name;test_user;passWord;12345;Email;user@email;ADDRESS;Street
user_name;test_user;passWord;12345;Email;user@email;ADDRESS;Street
user_name;test_user;passWord;12345;Email;user@email;ADDRESS;Street
user_name;test_user;passWord;12345;Email;user@email;ADDRESS;Street
user_name;test_user;passWord;12345;Email;user@email;ADDRESS;Street
user_name;test_user;passWord;12345;Email;user@email;ADDRESS;Street
user_name;test_user;passWord;12345;Email;user@email;ADDRESS;Street
user_name;test_user;passWord;12345;Email;user@email;ADDRESS;Street
user_name;test_user;passWord;12345;Email;user@email;ADDRESS;Street
user_name;test_user;passWord;12345;Email;user@email;ADDRESS;Street
user_name;test_user;passWord;12345;Email;user@email;ADDRESS;Street
user_name;test_user;passWord;12345;Email;user@email;ADDRESS;Street
user_name;test_user;passWord;12345;Email;user@email;ADDRESS;Street
user_name;test_user;passWord;12345;Email;user@email;ADDRESS;Street
user_name;test_user;passWord;12345;Email;user@email;ADDRESS;Street
user_name;test_user;passWord;12345;Email;user@email;ADDRESS;Street
user_name;test_user;passWord;12345;Email;user@email;ADDRESS;Street
user_name;test_user;passWord;12345;Email;user@email;ADDRESS;Street
user_name;test_user;passWord;12345;Email;user@email;ADDRESS;Street
user_name;test_user;passWord;12345;Email;user@email;ADDRESS;Street
user_name;test_user;passWord;12345;Email;user@email;ADDRESS;Street
user_name;test_user;passWord;12345;Email;user@email;ADDRESS;Street
user_name;test_user;passWord;12345;Email;user@email;ADDRESS;Street
user_name;test_user;passWord;12345;Email;user@email;ADDRESS;Street
user_name;test_user;passWord;12345;Email;user@email;ADDRESS;Street
user_name;test_user;passWord;12345;Email;user@email;ADDRESS;Street
user_name;test_user;passWord;12345;Email;user@email;ADDRESS;Street
user_name;test_user;passWord;12345;Email;user@email;ADDRESS;Street
user_name;test_user;passWord;12345;Email;user@email;ADDRESS;Street

